{"cameraMode":{"drawMode":0,"name":"Shaded","section":"Shading Mode"},"sceneLighting":true,"audioPlay":false,"sceneViewState":{"showFog":true,"showMaterialUpdate":false,"showSkybox":false,"showFlares":true,"showImageEffects":true,"showParticleSystems":true},"in2DMode":false,"pivot":{"x":-38.78762435913086,"y":-10.032718658447266,"z":-50.125118255615237},"rotation":{"x":-0.07993531227111817,"y":0.8630862832069397,"z":-0.14450755715370179,"w":-0.4773547947406769},"size":54.41279602050781,"orthographic":false}