{"cameraMode":{"drawMode":0,"name":"Shaded","section":"Shading Mode"},"sceneLighting":false,"audioPlay":false,"sceneViewState":{"showFog":true,"showMaterialUpdate":false,"showSkybox":false,"showFlares":true,"showImageEffects":true,"showParticleSystems":true},"in2DMode":false,"pivot":{"x":-0.27888017892837527,"y":-0.027757689356803895,"z":-0.345638632774353},"rotation":{"x":-0.0208818931132555,"y":0.9258438944816589,"z":-0.051724664866924289,"w":-0.37377092242240908},"size":0.5760082006454468,"orthographic":false}