{"cameraMode":{"drawMode":0,"name":"Shaded","section":"Shading Mode"},"sceneLighting":false,"audioPlay":false,"sceneViewState":{"showFog":true,"showMaterialUpdate":false,"showSkybox":false,"showFlares":true,"showImageEffects":true,"showParticleSystems":true},"in2DMode":false,"pivot":{"x":0.0,"y":0.12262499332427979,"z":0.050000011920928958},"rotation":{"x":0.11498291045427323,"y":0.5437287092208862,"z":-0.07551536709070206,"w":0.8279151916503906},"size":3.054746389389038,"orthographic":true}