{"cameraMode":{"drawMode":0,"name":"Shaded","section":"Shading Mode"},"sceneLighting":false,"audioPlay":false,"sceneViewState":{"showFog":true,"showMaterialUpdate":false,"showSkybox":false,"showFlares":true,"showImageEffects":true,"showParticleSystems":true},"in2DMode":false,"pivot":{"x":-0.008190866559743882,"y":-0.06046728044748306,"z":-0.4901410937309265},"rotation":{"x":-0.113351970911026,"y":-0.37979936599731448,"z":0.046951208263635638,"w":-0.9169043898582459},"size":1.6447697877883912,"orthographic":true}