{"cameraMode":{"drawMode":0,"name":"Shaded","section":"Shading Mode"},"sceneLighting":false,"audioPlay":false,"sceneViewState":{"showFog":true,"showMaterialUpdate":false,"showSkybox":false,"showFlares":true,"showImageEffects":true,"showParticleSystems":true},"in2DMode":false,"pivot":{"x":0.05110284313559532,"y":0.05278697609901428,"z":-0.060850679874420169},"rotation":{"x":0.25677067041397097,"y":0.1719750612974167,"z":-0.04648588225245476,"w":0.9499151706695557},"size":0.16886629164218903,"orthographic":false}