{"cameraMode":{"drawMode":0,"name":"Shaded","section":"Shading Mode"},"sceneLighting":false,"audioPlay":false,"sceneViewState":{"showFog":true,"showMaterialUpdate":false,"showSkybox":false,"showFlares":true,"showImageEffects":true,"showParticleSystems":true},"in2DMode":false,"pivot":{"x":0.0111083984375,"y":-0.0740966796875,"z":0.0727691650390625},"rotation":{"x":0.3941943049430847,"y":0.46523720026016238,"z":-0.24308519065380097,"w":0.7543993592262268},"size":0.0708436369895935,"orthographic":true}