{"cameraMode":{"drawMode":0,"name":"Shaded","section":"Shading Mode"},"sceneLighting":true,"audioPlay":false,"sceneViewState":{"showFog":true,"showMaterialUpdate":false,"showSkybox":false,"showFlares":true,"showImageEffects":true,"showParticleSystems":true},"in2DMode":false,"pivot":{"x":-2.8500001430511476,"y":0.9999998807907105,"z":-0.15000009536743165},"rotation":{"x":0.02982313558459282,"y":-0.9538223743438721,"z":0.28132209181785586,"w":0.10110509395599365},"size":36.98724365234375,"orthographic":false}