{"cameraMode":{"drawMode":0,"name":"Shaded","section":"Shading Mode"},"sceneLighting":true,"audioPlay":false,"sceneViewState":{"showFog":true,"showMaterialUpdate":false,"showSkybox":false,"showFlares":true,"showImageEffects":true,"showParticleSystems":true},"in2DMode":false,"pivot":{"x":-81.14659881591797,"y":1.479610800743103,"z":-82.93859100341797},"rotation":{"x":0.08026763796806336,"y":-0.8152585625648499,"z":0.11644995212554932,"w":0.5616976022720337},"size":5.330737590789795,"orthographic":false}