{"cameraMode":{"drawMode":0,"name":"Shaded","section":"Shading Mode"},"sceneLighting":false,"audioPlay":false,"sceneViewState":{"showFog":true,"showMaterialUpdate":false,"showSkybox":false,"showFlares":true,"showImageEffects":true,"showParticleSystems":true},"in2DMode":false,"pivot":{"x":-0.33740234375,"y":0.0029296875,"z":0.624267578125},"rotation":{"x":0.1892387568950653,"y":0.7293909788131714,"z":-0.22324098646640778,"w":0.6183555126190186},"size":4.041658401489258,"orthographic":true}