{"cameraMode":{"drawMode":0,"name":"Shaded","section":"Shading Mode"},"sceneLighting":false,"audioPlay":false,"sceneViewState":{"showFog":true,"showMaterialUpdate":false,"showSkybox":false,"showFlares":true,"showImageEffects":true,"showParticleSystems":true},"in2DMode":false,"pivot":{"x":0.005668673664331436,"y":0.026669012382626535,"z":-0.49481135606765749},"rotation":{"x":0.020185349509119989,"y":0.7055546641349793,"z":-0.020113395527005197,"w":0.7080910801887512},"size":0.34881582856178286,"orthographic":true}