{"cameraMode":{"drawMode":0,"name":"Shaded","section":"Shading Mode"},"sceneLighting":false,"audioPlay":false,"sceneViewState":{"showFog":true,"showMaterialUpdate":false,"showSkybox":false,"showFlares":true,"showImageEffects":true,"showParticleSystems":true},"in2DMode":false,"pivot":{"x":0.0816650390625,"y":0.08831787109375,"z":-0.49088096618652346},"rotation":{"x":0.26169338822364809,"y":0.6488119959831238,"z":-0.2542669177055359,"w":0.6677706241607666},"size":0.2605609595775604,"orthographic":true}