{"cameraMode":{"drawMode":0,"name":"Shaded","section":"Shading Mode"},"sceneLighting":false,"audioPlay":false,"sceneViewState":{"showFog":true,"showMaterialUpdate":false,"showSkybox":false,"showFlares":true,"showImageEffects":true,"showParticleSystems":true},"in2DMode":false,"pivot":{"x":-3.194708824157715,"y":1.3845399618148804,"z":-9.216178894042969},"rotation":{"x":-0.029748767614364625,"y":0.8609639406204224,"z":-0.05069135129451752,"w":-0.5052621960639954},"size":0.2656947374343872,"orthographic":false}