{"cameraMode":{"drawMode":0,"name":"Shaded","section":"Shading Mode"},"sceneLighting":false,"audioPlay":false,"sceneViewState":{"showFog":true,"showMaterialUpdate":false,"showSkybox":false,"showFlares":true,"showImageEffects":true,"showParticleSystems":true},"in2DMode":false,"pivot":{"x":0.062419891357421878,"y":-0.0086669921875,"z":0.021728515625},"rotation":{"x":-0.04435938224196434,"y":0.29834654927253725,"z":-0.013892109505832196,"w":-0.9533372521400452},"size":0.45535269379615786,"orthographic":true}