{"cameraMode":{"drawMode":0,"name":"Shaded","section":"Shading Mode"},"sceneLighting":true,"audioPlay":false,"sceneViewState":{"showFog":true,"showMaterialUpdate":false,"showSkybox":false,"showFlares":true,"showImageEffects":true,"showParticleSystems":true},"in2DMode":false,"pivot":{"x":-30.093061447143556,"y":5.681885719299316,"z":-69.27565002441406},"rotation":{"x":-0.021600525826215745,"y":-0.0074970051646232609,"z":-0.00021625973749905825,"w":0.9998171329498291},"size":8.230239868164063,"orthographic":false}