{"cameraMode":{"drawMode":0,"name":"Shaded","section":"Shading Mode"},"sceneLighting":false,"audioPlay":false,"sceneViewState":{"showFog":true,"showMaterialUpdate":false,"showSkybox":false,"showFlares":true,"showImageEffects":true,"showParticleSystems":true},"in2DMode":false,"pivot":{"x":-0.2186553031206131,"y":0.00688139908015728,"z":-0.021878987550735475},"rotation":{"x":0.010769125074148178,"y":-0.8011308908462524,"z":0.014421923086047173,"w":0.5982199907302856},"size":0.40210703015327456,"orthographic":false}