{"cameraMode":{"drawMode":0,"name":"Shaded","section":"Shading Mode"},"sceneLighting":true,"audioPlay":false,"sceneViewState":{"showFog":true,"showMaterialUpdate":false,"showSkybox":false,"showFlares":true,"showImageEffects":true,"showParticleSystems":true},"in2DMode":false,"pivot":{"x":7.927109718322754,"y":-52.22479248046875,"z":26.873748779296876},"rotation":{"x":-0.29174816608428957,"y":-0.0464608334004879,"z":0.014177040196955204,"w":-0.9553137421607971},"size":116.96057891845703,"orthographic":false}