{"cameraMode":{"drawMode":0,"name":"Shaded","section":"Shading Mode"},"sceneLighting":false,"audioPlay":false,"sceneViewState":{"showFog":true,"showMaterialUpdate":false,"showSkybox":false,"showFlares":true,"showImageEffects":true,"showParticleSystems":true},"in2DMode":false,"pivot":{"x":0.2634401321411133,"y":1.79475736618042,"z":0.6071363091468811},"rotation":{"x":0.11498291045427323,"y":0.5437287092208862,"z":-0.07551536709070206,"w":0.8279151916503906},"size":0.04478916525840759,"orthographic":true}