{"cameraMode":{"drawMode":0,"name":"Shaded","section":"Shading Mode"},"sceneLighting":false,"audioPlay":false,"sceneViewState":{"showFog":true,"showMaterialUpdate":false,"showSkybox":false,"showFlares":true,"showImageEffects":true,"showParticleSystems":true},"in2DMode":false,"pivot":{"x":-0.7734375,"y":1.3690185546875,"z":1.14208984375},"rotation":{"x":-0.005676569417119026,"y":0.9674392938613892,"z":0.021770691499114038,"w":0.25218942761421206},"size":3.569495677947998,"orthographic":true}