{"cameraMode":{"drawMode":0,"name":"Shaded","section":"Shading Mode"},"sceneLighting":true,"audioPlay":false,"sceneViewState":{"showFog":true,"showMaterialUpdate":false,"showSkybox":false,"showFlares":true,"showImageEffects":true,"showParticleSystems":true},"in2DMode":false,"pivot":{"x":11.39042854309082,"y":4.649198055267334,"z":-56.78329849243164},"rotation":{"x":-0.03601349517703056,"y":-0.8824361562728882,"z":0.06842616200447083,"w":-0.4641304910182953},"size":7.459345817565918,"orthographic":false}