{"cameraMode":{"drawMode":0,"name":"Shaded","section":"Shading Mode"},"sceneLighting":true,"audioPlay":false,"sceneViewState":{"showFog":true,"showMaterialUpdate":false,"showSkybox":false,"showFlares":true,"showImageEffects":true,"showParticleSystems":true},"in2DMode":false,"pivot":{"x":-37.701534271240237,"y":5.820316314697266,"z":-63.23748016357422},"rotation":{"x":0.04148286581039429,"y":-0.8644758462905884,"z":0.0722455307841301,"w":0.4958774149417877},"size":14.419711112976075,"orthographic":false}